{"pVar1" : [5.075491666561439, 0.15657891605058807],

 "pVar2" : [5.067206723890159, 0.1530918063184524],

 "pVar3" : [4.949619283080998, 0.1498568280290222],

 "pVar4" : [5.116338257025616, 0.14759369923682725]}
